<?xml version="1.0" encoding="UTF-8"?>
<project-private xmlns="http://www.netbeans.org/ns/project-private/1">
    <editor-bookmarks xmlns="http://www.netbeans.org/ns/editor-bookmarks/2" lastBookmarkId="0"/>
    <open-files xmlns="http://www.netbeans.org/ns/projectui-open-files/2">
        <group>
            <file>file:/C:/Users/carre/OneDrive/Documentos/DUOC/2do%20semestre/programación/equipaje_accesorios/src/equipaje_accesorios/Equipaje_accesorios.java</file>
            <file>file:/C:/Users/carre/OneDrive/Documentos/DUOC/2do%20semestre/programación/equipaje_accesorios/src/equipaje_accesorios/Cliente.java</file>
            <file>file:/C:/Users/carre/OneDrive/Documentos/DUOC/2do%20semestre/programación/equipaje_accesorios/src/equipaje_accesorios/Vendedor.java</file>
            <file>file:/C:/Users/carre/OneDrive/Documentos/DUOC/2do%20semestre/programación/equipaje_accesorios/src/equipaje_accesorios/Zona.java</file>
            <file>file:/C:/Users/carre/OneDrive/Documentos/DUOC/2do%20semestre/programación/equipaje_accesorios/src/equipaje_accesorios/Producto.java</file>
            <file>file:/C:/Users/carre/OneDrive/Documentos/DUOC/2do%20semestre/programación/equipaje_accesorios/src/equipaje_accesorios/Pedido.java</file>
        </group>
    </open-files>
</project-private>
